<Ui xmlns="http://www.blizzard.com/wow/ui/" xmlns:xsi="http://www.w3.org/2001/XMLSchema-instance" xsi:schemaLocation="http://www.blizzard.com/wow/ui/ ..\FrameXML\UI.xsd">
  <Script file="localization_en.lua"/> 
  <Script file="localization_fr.lua"/> 
  <Script file="localization_de.lua"/> 
  <Script file="localization_es.lua"/> 
  <Script file="localization_tw_cn.lua"/> 
  <Script file="GEM_debug.lua"/> 
  <Script file="GEM_chronos.lua"/> 
  <Script file="GEM_defaults.lua"/> 
  <Script file="GuildEventManager2.lua"/> 
  <Script file="GEM_subscribers.lua"/> 
  <Script file="GEM_comm.lua"/> 
  <Script file="GEM_commands.lua"/> 
  <Script file="GEM_events.lua"/> 
  <Script file="GEM_queues.lua"/> 
  <Script file="GEM_subscribers.lua"/> 
  <Script file="GEM_cmd.lua"/> 
  
	<Frame name="GEMSystemFrame" frameStrata="LOW" enableMouse="false" hidden="false">
		<Scripts>
			<OnLoad>
				GEMSystem_OnLoad();
			</OnLoad>
			<OnUpdate>
				GEMSystem_OnUpdate(arg1);
			</OnUpdate>
			<OnEvent>
				GEMSystem_OnEvent(event);
			</OnEvent>
		</Scripts>
	</Frame>

  <Frame name="GuildEventManagerFrame" movable="true" frameStrata="HIGH" hidden="true" parent="UIParent" enableMouse="true">
    <Size><AbsDimension x="520" y="460"/></Size>
    <Scripts>
      <OnLoad>
        GEM_OnLoad();
      </OnLoad>
      <OnEvent>
        GEM_OnEvent();
      </OnEvent>
    </Scripts>
  </Frame>
</Ui>
