<Ui xmlns="http://www.blizzard.com/wow/ui/" xmlns:xsi="http://www.w3.org/2001/XMLSchema-instance" xsi:schemaLocation="http://www.blizzard.com/wow/ui/ ..\FrameXML\UI.xsd">

	<Frame name="smmPingFrame" parent="MiniMapPing" frameStrata="TOOLTIP" topLevel="true" alphaMode="ADD" hidden="true">
		<Size><AbsDimension x="10" y="32"/></Size>
		<Anchors><Anchor point="TOP" relativeTo="Minimap"/></Anchors>
		<Backdrop bgFile="Interface\Tooltips\UI-Tooltip-Background" edgeFile="Interface\Tooltips\UI-Tooltip-Border" tile="true">
			<EdgeSize><AbsValue val="16"/></EdgeSize>
			<TileSize><AbsValue val="16"/></TileSize>
			<BackgroundInsets><AbsInset left="5" right="5" top="5" bottom="5"/></BackgroundInsets>
		</Backdrop>
		<Layers>
			<Layer level="ARTWORK">
				<FontString name="$parentText" inherits="GameFontNormalSmall">
					<Anchors><Anchor point="CENTER"/></Anchors>
				</FontString>
			</Layer>
		</Layers>
		<Scripts>
			<OnLoad>
				this:SetBackdropBorderColor(TOOLTIP_DEFAULT_COLOR.r, TOOLTIP_DEFAULT_COLOR.g, TOOLTIP_DEFAULT_COLOR.b)
				this:SetBackdropColor(TOOLTIP_DEFAULT_BACKGROUND_COLOR.r, TOOLTIP_DEFAULT_BACKGROUND_COLOR.g, TOOLTIP_DEFAULT_BACKGROUND_COLOR.b)
			</OnLoad>
		</Scripts>
	</Frame>

</Ui>
