<Ui xmlns="http://www.blizzard.com/wow/ui/" 
xmlns:xsi="http://www.w3.org/2001/XMLSchema-instance" 
xsi:schemaLocation="http://www.blizzard.com/wow/ui/">


  <Frame name="Prat_PopupFrame" hidden="true" toplevel="true">
    <Size>
      <AbsDimension x="252" y="47"/>
    </Size>
    <Anchors>
      <Anchor point="CENTER"/>
    </Anchors>
    <Layers>
      <Layer level="BACKGROUND">
        <Texture name="$parentBG">
          <Color r="0.0" g="0.0" b="0.0" a="0.5"/>
        </Texture>
      </Layer>
      <Layer level="OVERLAY">
        <FontString name="$parentText" inherits="GameFontNormal">
          <Size>
            <AbsDimension x="250" y="50"/>
          </Size>
          <Anchors>
            <Anchor point="CENTER"/>
          </Anchors>
        </FontString>
      </Layer>
    </Layers>
    <Scripts>
      <OnUpdate>
        Prat_PopupMessage:PopupUpdated(arg1);
      </OnUpdate>
    </Scripts>
  </Frame>
  
  </Ui>