 <Ui xmlns="http://www.blizzard.com/wow/ui/"
	xmlns:xsi="http://www.w3.org/2001/XMLSchema-instance"
	xsi:schemaLocation="http://www.blizzard.com/wow/ui/..\FrameXML\UI.xsd">

	<Script file="Item.lua"/>

 	<Button name="BagnonItemTemplate" hidden="true" virtual="true">
		<Size x="37" y="37"/>

		<Layers>


			<Layer level="OVERLAY">
				<Texture name="$parentBorder" file="Interface\Buttons\UI-ActionButton-Border" alphaMode="ADD" hidden="true">
					<Size x="67" y="67"/>

					<Anchors>
						<Anchor point="CENTER"/>
					</Anchors>
				</Texture>
			</Layer>
						<Layer level="TOOLTIP">
				<Texture name="$parentIconTexture" setAllPoints="true"/>

				<FontString name="$parentCount" font="NumberFontNormal" justifyH="RIGHT" hidden="true">
					<Anchors>
						<Anchor point="BOTTOMRIGHT">
							<Offset x="-4" y="4"/>
						</Anchor>
					</Anchors>
				</FontString>
			</Layer>
		</Layers>

		<Frames>
			<Model name="$parentCooldown" inherits="CooldownFrameTemplate"/>
		</Frames>

		<NormalTexture name="$parentNormalTexture" file="Interface/PaperDoll/UI-Backpack-EmptySlot" alphaMode="ADD" hidden="true">
			<Size x="36" y="36"/>

			<Anchors>
				<Anchor point="CENTER">
					<Offset x="0" y="0"/>
				</Anchor>
			</Anchors>
		</NormalTexture>
		<PushedTexture file="Interface/PaperDoll/UI-Backpack-EmptySlot"/>
		<HighlightTexture file="Interface\Buttons\ButtonHilight-Square" alphaMode="ADD" hidden="true"/>
	</Button>
 </Ui>
